submission,comment,url,label,post_comment,kmeans_label
 ,"haha, so funny, reminds me of that time i saw an orange cat who said nothing was happening than this other guy walked in and said i found my shoe in a fire! then the cat says nothing out the ordinary! lmao how funny is that?alexa add milk to my grandsons shopping listthis is funny ðŸ˜‚ðŸ˜‚ðŸ˜‚hahahha my grandkids will surely love this!lol! i will show this to my grandkids!",https://www.reddit.com/r/AlzheimersGroup/comments/ud0yzp,1,"  haha, so funny, reminds me of that time i saw an orange cat who said nothing was happening than this other guy walked in and said i found my shoe in a fire! then the cat says nothing out the ordinary! lmao how funny is that?alexa add milk to my grandsons shopping listthis is funny ðŸ˜‚ðŸ˜‚ðŸ˜‚hahahha my grandkids will surely love this!lol! i will show this to my grandkids!",5
 ,"haha, so funny, reminds me of that time i saw an orange cat who said nothing was happening than this other guy walked in and said i found my shoe in a fire! then the cat says nothing out the ordinary! lmao how funny is that?oh garfield",https://www.reddit.com/r/AlzheimersGroup/comments/ucygvn,1,"  haha, so funny, reminds me of that time i saw an orange cat who said nothing was happening than this other guy walked in and said i found my shoe in a fire! then the cat says nothing out the ordinary! lmao how funny is that?oh garfield",5
 ,"haha, so funny, reminds me of that time i saw an orange cat who said nothing was happening than this other guy walked in and said i found my shoe in a fire! then the cat says nothing out the ordinary! lmao how funny is that?",https://www.reddit.com/r/AlzheimersGroup/comments/ucx3oy,1,"  haha, so funny, reminds me of that time i saw an orange cat who said nothing was happening than this other guy walked in and said i found my shoe in a fire! then the cat says nothing out the ordinary! lmao how funny is that?",5
 ,"i feel like i'm do for a cha ge too. maybe i'll take my neighbors meds and give him mine. xoxo. tha ks. logging off. suduko log me out!blu guyhaha, so funny, reminds me of that time i saw an orange cat who said nothing was happening than this other guy walked in and said i found my shoe in a fire! then the cat says nothing out the ordinary! lmao how funny is that?this is so funny ðŸ˜‚wow who made this funny comic ðŸ¤£ðŸ¤£",https://www.reddit.com/r/AlzheimersGroup/comments/ucuga7,1,"  i feel like i'm do for a cha ge too. maybe i'll take my neighbors meds and give him mine. xoxo. tha ks. logging off. suduko log me out!blu guyhaha, so funny, reminds me of that time i saw an orange cat who said nothing was happening than this other guy walked in and said i found my shoe in a fire! then the cat says nothing out the ordinary! lmao how funny is that?this is so funny ðŸ˜‚wow who made this funny comic ðŸ¤£ðŸ¤£",5
 ,"that fat cat sure is quirky!haha, so funny, reminds me of that time i saw an orange cat who said nothing was happening than this other guy walked in and said i found my shoe in a fire! then the cat says nothing out the ordinary! lmao how funny is that?",https://www.reddit.com/r/AlzheimersGroup/comments/ucmzk1,1,"  that fat cat sure is quirky!haha, so funny, reminds me of that time i saw an orange cat who said nothing was happening than this other guy walked in and said i found my shoe in a fire! then the cat says nothing out the ordinary! lmao how funny is that?",5
 ,"i have to show this to my grandson ðŸ˜‚i feel robbed xdi thought my son told me i had ad blocker installed ðŸ˜¡why does it keep repeating. how do i escape googlehaha, so funny, reminds me of that time i saw an orange cat who said nothing was happening than this other guy walked in and said i found my shoe in a fire! then the cat says nothing out the ordinary! lmao how funny is that?",https://www.reddit.com/r/AlzheimersGroup/comments/uckm5k,1,"  i have to show this to my grandson ðŸ˜‚i feel robbed xdi thought my son told me i had ad blocker installed ðŸ˜¡why does it keep repeating. how do i escape googlehaha, so funny, reminds me of that time i saw an orange cat who said nothing was happening than this other guy walked in and said i found my shoe in a fire! then the cat says nothing out the ordinary! lmao how funny is that?",5
 ,"haha, so funny, reminds me of that time i saw an orange cat who said nothing was happening than this other guy walked in and said i found my shoe in a fire! then the cat says nothing out the ordinary! lmao how funny is that?",https://www.reddit.com/r/AlzheimersGroup/comments/uckgvs,1,"  haha, so funny, reminds me of that time i saw an orange cat who said nothing was happening than this other guy walked in and said i found my shoe in a fire! then the cat says nothing out the ordinary! lmao how funny is that?",5
 ,"haha, so funny, reminds me of that time i saw an orange cat who said nothing was happening than this other guy walked in and said i found my shoe in a fire! then the cat says nothing out the ordinary! lmao how funny is that?garfergusgranulatedorgang cat is gafugeli forgotmean",https://www.reddit.com/r/AlzheimersGroup/comments/uckec3,1,"  haha, so funny, reminds me of that time i saw an orange cat who said nothing was happening than this other guy walked in and said i found my shoe in a fire! then the cat says nothing out the ordinary! lmao how funny is that?garfergusgranulatedorgang cat is gafugeli forgotmean",5
 ,"haha, so funny, reminds me of that time i saw an orange cat who said nothing was happening than this other guy walked in and said i found my shoe in a fire! then the cat says nothing out the ordinary! lmao how funny is that?",https://www.reddit.com/r/AlzheimersGroup/comments/uckdww,1,"  haha, so funny, reminds me of that time i saw an orange cat who said nothing was happening than this other guy walked in and said i found my shoe in a fire! then the cat says nothing out the ordinary! lmao how funny is that?",5
 ,"haha, so funny, reminds me of that time i saw an orange cat who said nothing was happening than this other guy walked in and said i found my shoe in a fire! then the cat says nothing out the ordinary! lmao how funny is that?",https://www.reddit.com/r/AlzheimersGroup/comments/ucht6i,1,"  haha, so funny, reminds me of that time i saw an orange cat who said nothing was happening than this other guy walked in and said i found my shoe in a fire! then the cat says nothing out the ordinary! lmao how funny is that?",5
 ,"dogâ€™s name is felixadding ""bread"" to your shopping list.mapquest direction to walgreenoh garfieldwall greensprint walgren map questwaldonbut i don't need eggs??haha, so funny, reminds me of that time i saw an orange cat who said nothing was happening than this other guy walked in and said i found my shoe in a fire! then the cat says nothing out the ordinary! lmao how funny is that?dog is ode to joyalexa. i forgot whatâ€™s a blanket?e erica what is the dog doingalexa..... what did i wanna say again?",https://www.reddit.com/r/AlzheimersGroup/comments/ucg0iu,1,"  dogâ€™s name is felixadding ""bread"" to your shopping list.mapquest direction to walgreenoh garfieldwall greensprint walgren map questwaldonbut i don't need eggs??haha, so funny, reminds me of that time i saw an orange cat who said nothing was happening than this other guy walked in and said i found my shoe in a fire! then the cat says nothing out the ordinary! lmao how funny is that?dog is ode to joyalexa. i forgot whatâ€™s a blanket?e erica what is the dog doingalexa..... what did i wanna say again?",5
