submission,comment,url,title,pred,,
allyson's story illustrates the heartbreak of caregiver helplessness. can you relate?*processing video tuvccr5g4o691...*, word.,https://www.reddit.com/r/dementia/comments/vg8dib/helpless/,Helpless,0,,
"hello everyone, i don't really have any valuable information to share right now. i just want to get this out. it has been very stressful in the last couple of weeks. my mom has been complaining about feeling a decline in cognitive activity and poor memory for some time now, but she went for an evaluation a few days ago, and the results are, she has reduced cognitive ability in the area of concentration and short term memory. i don't think anyone will give her an alzheimer's diagnosis at this point, but on both sides of her family they have a history. she has an appointment with a neurologist next week.i have never seen the last stages, so i thought it was just, short term memory and general forgetfulness, getting disoriented, wandering, needing more care... but, i'm reading about the final stages now, and it's very distressing. my mom was a linguistics professor, she just retired. it's very sad to think that she could loose her language abilities, or just thinking of what it might look like... i'm also scared of how i'd handle it, and how i'll focus on other tasks. i have a very demanding profession, and so little time... my mom was a very hardworking woman, and even seeing her like this now, stopping mid-sentence or forgetting what she was about to do is distressing. and she won't get a chance to enjoy her retirement, she spent her life working... i'm also scared that i'll have it too, and i'm thinking that i'll need to have enough money saved up before retiring to pay for care.i don't know how people go through this, and how they handle the stress... what are some strategies?", at this stage it is just mild cognitive impairment. it may or may not progress much further.,https://www.reddit.com/r/dementia/comments/vg57jf/i_just_want_to_share_this/,I just want to share this,0,,
"hey everyone,long story short, my girlfriends elderly father has been diagnosed this year with advanced dementia. he's currently in the anger stage, and given that her mom (his wife) is a nurse, he tends to get angry and says ""she's a nurse, she should be doing a better job."" he's currently broken a rib and is angry over the care that he's receiving from his wife. my girl is having a difficult time coping since she's an only child and we live roughly an hour away. she goes up when she can to assist her mom and to just give her mother a break since she also works full time (no longer in hospital rn). i will accompany her when i can be available since i work a 3x3 rotation. is there any advice anyone can provide for us... we're doing our best but, i'm at the stage where i feel like my assistance and lack of being able to assist is taking a toll on my gf. i wish i could help more but i'm not very educated on the topic and am also trying to work overtime to make it so she can take more time off to help her mom and we don't go under financially.if there's any resources or assistance programs for family members of dementia pt's in canada that you know of. we appreciate any and all insight. take care, and hope everyone's spirits are up.","is dad already on medication? seroquel/quetiapine or lorazepam can be life changing in smoothing out the anger and mood swingsget the book the 36 hour day, get one for mom too, flip through it as needed for advice what behavior to expect and how to handle it. much of the advice is counterintuitive",https://www.reddit.com/r/dementia/comments/vg54lu/anger_stage_assistance/,Anger Stage Assistance,1,,
"hi all, my grandfather did another dip decline, and he's having trouble walking, even with a walker. i had to take him to the hospital twice in 10 days for falls----the second one much more minor, but he jammed his toe pretty badly. he's more disoriented lately, more anxious at times, and also quieter, which is outside the scope of his base personality. he is beginning to have chain reactions from dehydration, and had some problems giving buspar a try for anxiety. last week (and last night but to a much lesser extent) his dehydration from being a brat about drinking water caused a change reaction; namely, rising creatinine levels in his kidneys, and then a subsequent rise in his troponin levels, an enzyme in his heart. i notice that his legs blew up last night, swelling with fluid puffing his calves, ankles and feet up. i know that can be a sign that heart failure is on the way----its not surprising but this is a fast decline and i'm just getting nervous. i have several appointments over the next month (cardiologist, neurologist, primary care doctor, np home visit) so i will know what's going on with some medical confirmations if he is approaching heart failure (he is already in stage 2 kidney failure). i'm obviously sad because he went off a new cliff and i know it will only progress probably faster and faster. his decline has been extremely fast----he could still drive last june, and have conversations that were still sensical. vascular dementia is rough, but maybe less cruel. we are keeping him home still (we're blue collar irish catholics, please, no comments about placement at the moment). we have an arsenal of home health care and likely the option for home hospice as soon as the need arises. does anyone have any experience with vascular dementia and potential heart failure brewing? i just have such a bad feeling about this dip, like we're going to be approaching the end by the end of the year. :(","i am sorry you are going throught this.  my mom has dementia currently.  my dad died of heart failure in 2019.  with your grandfather's bad kidneys, it will be hard to get the fluid off with diuretics since those are awful for the kidneys.  my dad was getting really bad (mentally he was still pretty good) when a ""sudden heart incident"" happened and he peacefully died.  since i have experience with both dementia in one parent and heart failure in the other, i will say that dealing with dementia is much worse for the patient and the family...  and my mom, who is aware she has bad memory loss which will probably get very much worse, has stated that if she develops some sort of other serious disease, we are to just keep her as comfortable as possible.  keeping someone alive through heroic and intrusive medical care when they have dementia is not the kindest route for the patient, something to think about.",https://www.reddit.com/r/dementia/comments/vg30uv/dementia_and_early_heart_failure_dehydration/,"Dementia and Early Heart Failure, Dehydration",1,,
"auntie was diagnosed with dementia 4 years ago. and we have been trying to find solutions not to cure it but to slow down the process. they have spent over $15k on a health program to help her but it requires a lot from someone who is starting to forget to flush after herself, putting kitchen stuff in random drawers, forgetting she is cooking and fires are happening, she has lost the keys to her car, repeats herself and asks the same question 10x in a span of 30 mins, and she is clearly in capable to follow the protocols of this health program which consists of taking over 20 supplements and exercise, have absolutely no sugar and to eat healthy. her partner is absolutely no help and we are at this point of what do we do? just allow her to stay in a home where her partner who is also delusional in thinking she will snap out of it. he still lets her drive by herself to the store and he allows her to drive themselves to doctors appointments, both are in their 80‚Äôs. we just found out the woman that was hired to help them cook, clean and do laundry, they fired. she (my auntie ) thought she (the hired worker) was violating her space. i‚Äôm at my wits end and don‚Äôt know what to do to help. should i just let things be and not get so involved? their kids don‚Äôt seem to care but as a niece i do care.", the only thing that will really slow it down is medication.,https://www.reddit.com/r/dementia/comments/vg1e2g/advice_needed/,Advice needed,1,,
"i take care of my mom, who has dementia. i'm 45 and looking for coverage for myself. thank you.", i went with new york life for my wife and me.,https://www.reddit.com/r/dementia/comments/vfyp23/what_are_the_best_long_term_care_insurance/,What are the best Long Term Care insurance companies/plans? Or where should I ask on reddit? Thanks!,1,,
"thank you to everyone on this subreddit for their helpful advice and kind words.   all of you are dealing with a difficult and cruel disease.my 85 year old mother was experiencing severe pain at the beginning of the month.   her dementia was pretty advanced and i had noticed even more of a decline in the last six weeks- more weight loss, more confusion, less interest in the few things she still enjoyed.   but one day we found her standing in her bathroom, in terrible pain.  a staffer and i were helping her on the toilet and she began to scream like a woman in labor.  long, sustained screams of agony.   thank god for hospice.  she had a standing order for as-needed morphine and it was agreed, she needed it.   we wondered if she had gotten up in the middle of the night, fell, hurt herself but was able to get back into bed and woke up wondering where she was and why she was in searing pain.   after that, with the loving care of memory care and hospice, we made the decision to keep her on round the clock morphine and lorazepam.  no pain, no anxiety.  we did not want to awaken her enough to eat or drink because the pain was unrelenting and the screaming began anew.i hate that dementia robbed her of so much in her life, removed the joys of traveling, recalling trips via her photographs, made beloved outings to thrift stores into scary and bewildering experiences.  she was keen on movies and movie stars but that interest faded when she could no longer follow the plots of films.  we found ways to bring joy along each step of her decline.   when she could no longer do counted cross stitch, she loved painting wooden bird houses.   when she couldn't shop, i would bring her clothing catalogues.   i played her favorite music on my phone and showed her lots of pictures of a great grandchild.if i have any advice for those here it is this1.  take care of yourself.  stress can cause enormous damage to your health.  self care is not to be found in a half gallon of your favorite ice cream.  walk and exercise when you can.  eat healthy foods.  look for stress reducing activities in your life.  ask others for help if you can.2.  utilize hospice early.  my mother entered hospice about 9 months ago as she was steadily losing weight.  the extra attention with the 1-2 visits a week really made her days better.3.  keep seeking out medications that help.  it's not just for challenging or unsafe behaviors, but to make the person with dementia have happier days. in the last months, days without lorazepam were like scenes from the exorcist.   days with the medication were filled with sunshine and my mother contentedly counted her blessings and raved about all the loving care she was getting.  4.  the end of life can be unpredictable and it can be strange.  the last food and drink my mother had was a bit of her favorite candy on the 7th but she was in no pain or discomfort because of the medications given.  i thought without fluid, she would pass peacefully a few days later.  it was 11 days.  it felt surreal, but hospice says it can happen.  we made sure any unfinished business was taken care of- we had a priest  in to give her last rites, family came into town, we assured her everyone was well.  i even joked that maybe, she had an unfulfilled hit list of mortal enemies and that i would promise to track down and seek revenge on everyone who failed to write her a thank you or return a pyrex dish.be kind to yourselves.  it's hard to make the right decisions at difficult times- when to place a loved one in memory care or forcing a parent or spouse into the car for a neurology visit or forcing yourself to lie to them out of kindness to spare them pain.much love to you all.  i'm thankful the end was peaceful- no more confusion, indignities of diapers, no more pain."," sending you love, peace, and healing from a fellow traveller on this wretched road.  i hope the offramp takes you somewhere beautiful. ‚ù§Ô∏è",https://www.reddit.com/r/dementia/comments/vfxr7n/her_journey_is_over/,Her journey is over,1,,
"another thing stolen by this awful disease. my mom only has one sister, and i can‚Äôt even tell her that she‚Äôs gone. she wouldn‚Äôt be able to process it. i‚Äôm sitting here crying, and mom tries to comfort me and asks me what‚Äôs wrong.","bless you and this grief you are enduring. i came from 3 generations of only children. my great gran, gran and now mom have all had alzheimer‚Äôs. i didn‚Äôt have anyone to not tell except my son. he was so close to my gran and i was terrified to tell him. he use to go on his own as a teen and early adult to see her multiple times a week. the one week he was sick and missed she died. they didn‚Äôt even tell us until 3 days later when we showed up to see her. she died not many hours after we saw her the last time. your mom may seem frail but not telling her may cause more damage than telling her. i wish i had a magic answer for you. i am sincerely sorry you‚Äôre in this position.",https://www.reddit.com/r/dementia/comments/vfx7w7/my_moms_sister_just_died_and_i_cant_share_this/,"My mom‚Äôs sister just died, and I can‚Äôt share this grief with her",1,,
"my wife knows her family history of multi-generational dementia, so she's not surprised that she is afflicted. a year ago, the diagnosis was mci but her memory has significantly declined in a year.  i've scheduled a new assessment with a memory disorders clinic.  am i wrong to have her go through a new round of tests?  i know(or believe) the medical insurance and long term care insurance would require a specific diagnosis and prognosis.  when i must implement durable power of attorney, there needs to be medical documentation.  neither my wife nor i are looking forward to hearing an actual diagnosis; to putting a name to her worsening symptoms.  it's real, now, but to be told by a doctor makes it official.","my mom sees her neurologist every six months.  she is tested each time using the moca testing sheet.  26 is normal for her age (79) and last month she scored 22 (she was having a great day!) but she maintains at about a 20 in real life currently, in my opinion.  she once scored a 17, but it was late afternoon.  18 is ""officially"" dementia.  also, there are certain parts of the test which assess different skills.  my mom tested low on the parts of the test which measure navigation and so the doctor officially stopped her driving a car.  she was okay with that... she said she couldn't remember where anything was anymore anyway.  i had asked her doctor to explain this to us, as mom wanted to know and i also wanted to know, since, like you, she has long term care insurance that will kick in with the official diagnosis.  she currently lives independently in a retirement community, but i handle all life admin details outside of that safe environment.  my mom is on the common dementia meds and a tiny bit of prozac.  she was having some anxiety and weepiness and that helped.  i already have poa, along with my two brothers, and we are listed on her health care directive as primary agents, and all her doctors have a copy of the directive.  i carry a copy of the poa in my car.  good luck, it's a hard journey.  this subreddit is a great resource.",https://www.reddit.com/r/dementia/comments/vfu1em/follow_up_assessment_necessary/,Follow up assessment necessary?,1,,
"it seems like such a chore to get any actual pricing information on different living situations so i thought i might ask here! i have no point of reference for my mom who was just moved to memory care and can‚Äôt tell if what we are paying is about the norm or not. it‚Äôs significantly more than al room we were in and tbh the budget is busted. so if you are comfortable sharing, what‚Äôs the going rate in 2022? i‚Äôll start: north texas area. private room memory care w medication administration (but no drugs provided)  and lowest care level, meals laundry and memory programming included. $6500/mo.","nw washington and upstate ny average $3-10k/mo for starting rates without advanced needs. basically a tiny studio room with a private bathroom. all meals included, all utilities but phone.",https://www.reddit.com/r/dementia/comments/vfjelk/memory_care_cost_comparison/,Memory care cost comparison,1,,
"my dad has lewy body dementia and spends a lot of time (an obsessive amount of time) on his iphone looking at his calendar. i think it helps give him some sense of control and knowledge about what's going on with his day. when he doesn't have it he gets very anxious. my mom and i make sure to have important things on the calendar like where they're going for dinner, or who is visiting, or my mom going to the grocery store, etc.however, his vision isn't great and he gets confused with the default app, usually looking at the wrong day and so gets confused about what should be happening at the moment.i'm wondering if there is a calendar iphone app that might be simpler and with less features that he'll have an easier time being on the right day and looking forward. ideally, it would also be presented without a lot of extraneous visual items and with larger text. any suggestions?"," my mom is very similar but with technology in general. we got her a digital calendar so she can see easily what day and time is it. then we have a big dry erase board that is one month. it is overwhelming for her to be able to think ab much more than day,week, month at a time. maybe he could be transition from his phone calendar to something else. hang in thereüíï",https://www.reddit.com/r/dementia/comments/vf9jon/very_simple_calendar_iphone_apps/,Very simple calendar iPhone apps,1,,
it might be time to admit mom. we can‚Äôt keep living like this. what has been your experience with memory care? how did your loved one adjust?," how do you find a good memory care facility? maybe i've just traumatized by the videos i've seen recently of abuse and, what i believe is criminal negligence. my lo keeps asking to go to a state where physician assisted suicide. why is it this info he remembers?! what if her refused his meds? could he? what about medical procedures, tests? if he says no will they make him?",https://www.reddit.com/r/dementia/comments/vf56el/what_has_been_your_experience_with_memory_care/,What has been your experience with memory care adjustment?,1,,
"we‚Äôve always had little dogs, and ever since my mom has been diagnosed with lbd, it hasn‚Äôt been too much of a concern for us that my mother and pets still enjoy each other‚Äôs company. however, today she was having a meltdown time and became a little rough with them. she grabbed our 4 lb poo-chi by the neck and pulled her and also grabbed and pulled on the ear of our 10 lb snoodle until she nipped at my mother‚Äôs hand. our pets are part of the family and they bring so much comfort and joy to my dad while he struggles with my mother and her illness. i‚Äôm not quite sure how we can handle this problem, other than being extra vigilant. the dogs are independent, but we may have to start locking them up when my mother gets agitated. anyone else have experience with this type of problem?"," i had a problem with that behavior when i was put on a medication to calm me; it made me extremely irritable and angry.  it was a disaster.  many of us with lbd symptoms have problems with reactions to medications.  so you might check any recent changes of meds.  also suggest checking not only for uti but infections in other areas like toes, mouth, etc.  even small infections can have a big effect on brain behavior.",https://www.reddit.com/r/dementia/comments/vevieg/tiny_dogs_and_mom_with_lbd/,Tiny dogs and mom with LBD,1,,
"a little backstory. my mother-in-law is almost 86 years old, she has a long history of mental health illness. she was technically diagnosed with bipolar some 40 years ago, however, i'm not sure that was totally accurate (hers was more of a psychosis episodes). unfortatnely she lives in rural kansas and good psychiatrists (or any for that much) are hard to come by. she was committed several times due to her psychosis. since i've known her for a little over 20 years, she has more or less managed with the help of her husband and maybe some anti-anxiety medication (though none of us are certain she took those), but she has always had a lot of anxiety. she can't even watch a basic tv show without getting anxious. now fast forward to a couple years ago, her memory getting worse and she was diagnosed with dementia (again, this is western kansas, so not a firm diagnosis). my husband's parents hide a lot of details from us, so there could be a more specific diagnosis, but we're not aware of that. my father-in-law has now picked up all household chores, but that has become too much for him, and he has been hospitalized numerous times in the past couple years since he had covid (and she can barely cope when he is hospitalized). also, i should mentioned, there is no family that lives in their town and the closest sibling is three hours away. needless to say, it is time for them to move to an assistant living place. we have found a great one and it is in the same city as my husband's sister! however, my mother-in-law is very anxious about this move and her drinking has become increasingly excessive (she's always been a skotch drinker though). a couple weeks ago i counted her drinking six skotch on the rocks in one evening. she gets so drunk she pisses herself on occasion and has been vomiting as well. and, then when she's drinking, she becomes overly emotional and even more irrational...and then her memory even worse. i'm pretty sure she is drinking nightly and this is her way of coping and self-medicating. it doesn't help that her husband indulges in his bourbon with her every night as well; it's like they have a cocktail party for themselves every night.  of course, we're well past the point of putting her into rehab, but it's more the emotional toll it takes on her when she does drink. my question is: has any caregiver experience this with their dementia parent? how did you manage it?hopefully once we move them, we can get a psychiatrist for her that can help. she's in a very bad mental space right now...and i don't see her coming out of it anytime soon."," mom has dementia and after an idiot kept bring her wine every time he visited. (state psychiatric social worker assigned to her before c.) she doesn‚Äôt remember ever having a glass so drinks the bottle, fell through a marble table and physically fought and assaulted me. he showed up with another bottle i told him he had to stay for the er visit! i wouldn‚Äôt let it in the house. we have no alcohol in the house.",https://www.reddit.com/r/dementia/comments/vep9sq/motherinlaw_with_dementia_and_is_now_coping_by/,Mother-in-law with dementia and is now coping by drinking Skotch excessively!,1,,
"tldr- i can't relax leaving town worrying if something will happen while im gone.i know how important it is to take time for myself for my own mental and physical health, but that doesn't mean i've figured out how. today i am leaving my state for 3 days to an area that may not have cell service, and my anxiety is making me sick. my lo has been living in her al community for 6 months, has had a tailored memory care plan for a about 3 weeks. the staff knows her well and shes safe but shes had panic attacks adjusting to the memory wing (but they are improving and i got a green light to give her cbd if a bad one happens). i do have a family member that can be there if something else happens (a fall? something else?) while i'm gone. the stress of worrying if shes ok  (especially when we were living together) had turned me into an absolute ""helicopter"" parent and there are so many reasons to believe she is going to be ok.  i'm going for a fishing trip with my estranged father, something our relationship has needed for years. plus i think the sun and getting out of town would be good for me. but if shes not im going to be over 6 hours away and may not be reachable.any advice on how to embrace that 1 weekend away might be okay to trust the world wont fall apart? i just worry.","i have anxiety every time i go out of town to see my so. it's the worst on the drive up, and only marginally less so on the way home. i've not figured out how to deal in 2.5yrs, beyond anxious cleaning and meal preps before i leave. once i'm at my so's, it's surprisingly easy to relax. i'm too busy to have time to think about what can go wrong, too wrapped up on enjoying my time with my so. i do daily calls, and i have another family member call on days that i don't, which helps. i think you just need to trust that someone else who cares about your lo is around for the time that you can't be, and to trade texts or calls once or twice a day if you have service, and just try to enjoy the time away like it's a totally separate world. i know that's easier said than done.",https://www.reddit.com/r/dementia/comments/venp40/caregiver_self_care/,Caregiver Self Care,1,,
"my grandmother has vascular dementia and out of all the pieces of her that dementia has stolen from her and us, it is still yet to crush her inner comedian. i was sitting with her while my grandfather went next door to have a chat with their neighbour and she started to become a little anxious because she knew her husband was gone but that someone was coming back and she was just a little uncertain. 20 mins or so later, after me reminding her that she was married to my grandfather and that she wasn‚Äôt in trouble and that he was absolutely going to come back, he walks through the door and she turns to me looking mortified and whispers ‚Äúthat‚Äôs not him is it‚Äù‚Ä¶. i‚Äôve explained again that they‚Äôre married and she has started giggling and whispered ‚Äúi didn‚Äôt marry that f**king old man‚Äù üòÇüòÇüòÇüòÇüòÇ then i had to explain to her that she is in her 70s and has been married for some 50 years. my grandfather is a super good sport and has told her he‚Äôs running away to find a young bride. she‚Äôs told him that she will ‚Äòhammer‚Äô him if he runs away. i live for these moments! hope everyone else out these going through this with their loved ones has special moments whether it‚Äôs shedding a tear with your loved one or breaking into laughter - sending big love üíô"," these little gems! dementia has robbed us of so much, but if it weren't for this disease you might never have heard her call him that fffking old man ü§£ thanks for sharing",https://www.reddit.com/r/dementia/comments/vem9xm/something_lighthearted/,Something light-hearted.,1,,
i am trying to help my friend stay as strong as he can. he has dementia and it‚Äôs starting to affect his motor abilities. he‚Äôs struggling with balance a lot but also picking things up such as grabbing food and bringing it to his mouth. can anyone recommend any exercises that they have had success with for this kind of thing? thank you.,,https://www.reddit.com/r/dementia/comments/vej24v/hand_exercises_for_dementia_patient/,Hand Exercises for Dementia Patient,1,,
"it actually happened. the antibiotic ear drops created dementia in me. is there anything more pathetic than this state. im considering suicide out of sheer protest. i lived wrongly,by renouncing the world and all that is good believing i was on some higher spiritual path. i refused to work or even educate myself about anything. living like this made me very stupid and made me accidentely overdose on cipro ear drops. used them for 14 days instead of 7. and it was enough for my poor brain overwhelmed with anxiety from years of abuse and this poisonus drug to create this. the most painful thing ironically is now i regret not working and living normally. work and knowelege are most important in life in my opinion. they could have saved me if i had a little more faith in this world and not in some fantasy.",,https://www.reddit.com/r/dementia/comments/veg62e/dementia_at_33/,dementia at 33,0,,
i am trying to help my friend stay as strong as he can. he has dementia and it‚Äôs starting to affect his motor abilities. he‚Äôs struggling with balance a lot but also picking things up such as grabbing food and bringing it to his mouth. can anyone recommend any exercises that they have had success with for this kind of thing? thank you.,,https://www.reddit.com/r/dementia/comments/vefvrg/hand_exercises_for_dementia_patient/,Hand Exercises For Dementia Patient,1,,
"took her to the er yesterday afternoon because she had pains in her stomach, back and was throwing up. ¬†the labs showed that she has a uti. ¬†along with an iv antibiotic and oral to take for five days, she was told she must stay well hydrated. ¬†she refuses to drink water. ¬†been that way since i've known her. ¬†avoids water like it's something disgusting. diet sodas, coffee and wine. ¬†now, i have to make sure she takes her medication and keeps up her fluid intake. ¬†i bought her diet gatorade, lemons, stevia and agave syrup to make lemonade. how much more can i do?   i can't force her to drink.  all i can do is hope that she will.  if she won't, the infection might not clear up and kidney damage could occur.  ¬†i wake up anxious, as each day is unpredictable.","my wife has surprised me by her water consumption.  84 oz, yesterday.  i thank all of you for sharing your experiences and suggestions.",https://www.reddit.com/r/dementia/comments/vebnli/another_crisis_with_my_wife/,Another crisis with my wife.,1,,
"i wanted to share some options for those who have loved ones making false 911 calls. for cell phones, there is only one out there that allows you to re-route 911, and that is [raz mobility]( you have to purchase the cell phone, then subscribe to their add-on service to re-route 911 calls.if cell phones have become confusing or problematic, checkout telecalm, which provides a landline-style home phone service for both private homes and senior living communities. they have solutions for repeat dialing and late-night calling issues, false 911 calling, as well as other phone related problems - [",,https://www.reddit.com/r/dementia/comments/ve2zrl/solutions_and_ideas_for_lo_who_are_dialing_911/,Solutions and Ideas for LO who are dialing 9-1-1 unnecessarily,1,,
"no one in my family has any experience with caring for others.   except compassion and love.meanwhile, my sister suggested that we record someone's voice in constant loop saying things like, ""  you are loved,  you're home, you're safe"" to our mom who is in late stage dementia and hospice.my dad, who's also eldery, is doing great,  but exhausted and worn out as things have gotten worst.  is that even a thing?   to playback a loop of audio like that?"," what a lovely idea.depends on her current status, with whether it might bring a positive response rather than a negative response.  if she is still in earlier stages it might be more successful, but in later stages she might get agitated trying to figure out who is in the house talking.  ""there is a stranger in the house"".",https://www.reddit.com/r/dementia/comments/vdqtq8/looped_playback_of_responses_to_mother_with/,looped playback of responses to mother with dementia,1,,
"first time lurker here. my grandma is in her 70‚Äôs and we recently started noticing changes in her memory. she will repeat herself and doesn‚Äôt remember what you said (like if you tell her you have tomorrow off). other family members have started to notice this as well. she is able to still cook, clean, bathe, etc on her own. is this how any of you noticed early signs of dementia? im a nurse but this isn‚Äôt my specialty and i am confused. she doesn‚Äôt live in the healthiest household. it‚Äôs pretty dysfunctional, it is her, my grandpa and my aunt (who‚Äôs physically disabled) i lived with them last year and got really depressed. so i am thinking maybe that is what she has going on too.. severe depression. her and my grandpa will get in fights and she will just not take her meds. one of which is a low dose antidepressant and a couple others are blood pressure meds (i know, bot good to take whenever she feels) but i got on her and she has been better about this. she did see her pcp yesterday, she drew labs, a ua and is sending her to neurology for a work up. i am not so sure her pcp 100% thinks its early dementia. and to be honest i dont know why i am posting here. maybe for reassurance. or maybe with my health care training i am seeing signs but i am in denial. i just want to hear other‚Äôs stories i guess. writing this out and just being able to do that has gotten a slight weight lifted off my shoulders so maybe i just needed to share this with others."," glad to hear she is getting checked out.  for years i have advocated that everyone should get a neurology work-up as early as possible, to better show comparison of loss as dementia progresses.",https://www.reddit.com/r/dementia/comments/vdnyye/just_wondering/,Just wondering,1,,
"when someone can no longer walk and they need to be transferred from memory care to a nursing home, how long will the memory care facility typically allow you to look for the new facility?",really depends on the place and a lot of factors already mentioned. if someone is no longer appropriate for my facility we give them a termination notice and they have 60 days. i try to communicate with the families and typically they are already aware this is coming before the official termination notice. we also work with them as long as their in the process of finding placement.,https://www.reddit.com/r/dementia/comments/vdnk0p/transferring_from_memory_care_to_nursing_home/,Transferring from Memory Care to Nursing Home,1,,
"i have been visiting my grandma for a week now. she‚Äôs 97 and extremely healthy. reads all day long, can still drive etc. but this week she‚Äôs been irritable, i‚Äôve felt like i‚Äôm always doing something wrong. i feel like a nuisance. she has said things that are just blunt and i don‚Äôt know where this is coming from. when i tried to discuss seeing a doctor she was annoyed, almost like she was thinking i was stupid. when i offer to help it‚Äôs not really appreciated. i‚Äôve never felt this way before with her. i know i‚Äôm not perfect but i don‚Äôt understand why she‚Äôs so irritated with me. today i offered to go home in the case i was a burden.she asked about me catching a taxi home from the airport and how much money it would cost. i felt that she was considering it but didn‚Äôt want to say anything. she called my mum while i was out of the house, hung up when i got back and didn‚Äôt tell me she spoke to her. it felt like she was wanting to complain about me.i‚Äôm genuinely hurt. i don‚Äôt know what to think. she‚Äôs otherwise amazing for her age.","it could be, but it could also be pain or an infection. i noticed my in-laws showing far less interest in my kids, their grandchildren, about age 80. they‚Äôre 87 now and both in moderate-stage dementia, so were likely already in the process of developing it. it‚Äôs really hurtful. we first noticed it when we visited to announce the engagement of the oldest grandchild. they just changed the subject and glossed over it like it was nothing. i‚Äôm sorry you‚Äôre experiencing this. older people, especially those with dementia, are returning to a child-like state of egocentrism that they don‚Äôt seem to have control over.",https://www.reddit.com/r/dementia/comments/vdlehf/is_it_me_or_is_it_dementia/,Is it me or is it dementia ?,1,,
"hi everyone, about 6 months ago my mum was diagnosed with frontal temporal dementia at 49 years old. i‚Äôm really desperate for advice on how to support my mum the best that i can and things i can do that might help a little if at all.if anyone also has advice on how to cope with everything going on i would be very appreciative.", do you know what type/variant of ftd she has?,https://www.reddit.com/r/dementia/comments/vd9acw/advice_for_family_members_of_someone_whos_just/,Advice for family members of someone who‚Äôs just been diagnosed,1,,
"i was chatting to my grandmother about the time we went up to the hospital for me to get tests cause i had undiagnosed iih back in 2020 and it was a traumatic day because many of the staff thought i had a brain tumor and we did too, thing is she cannot at all recall that day. i was shocked it was such a tense day, she said she probably blocked it out. she also went to go for a haircut and written the appointment down but went on a completely different day and had to rebook it. i'm not sure if should be concerned?"," she‚Äôs not young anymore, some memory weakening and/or very mild cognitive decline is normal for elderly. still, monitor the issue - if she does have dementia, the best thing would be to find out early",https://www.reddit.com/r/dementia/comments/vd4stp/normal_memory_loss_or_early_signs/,Normal memory loss or early signs?,1,,
"my mother's mother, who we loving call ""momma"", is showing signs of being forgetful and unable to recollect recent conversations and events. she is able to drive well, buy groceries and items she needs, but she's living with a man who is often angry and is a bit of a recluse. this man first entered momma's life when my mom was a teenager and he's been a sort of stepfather figure to her and has provided a good home for both of them until my mom moved out to be with my dad. just an fyi, momma never married this man, so they're living like partners or something. from childhood, this man loved me and my siblings, even my mom and momma, however, over the years, that feeling has seemed to diminish a bit to the point he is accusing momma of turning against him. momma has had arguments with him within the last few months as he's not willing to get the latest vaccine against covid-19 as he has fallen prey to false information (he's a believer in rather unusual conspiracies). what we worry the most is that he'll kick her out of the house they have lived in for over 40 years due to some misunderstanding or he won't take momma's forgetfulness lightly. we are open in providing her a room for her, yet i fear he'll do more than just kicking her out. i mean he does have access to her banking and such. what should we do?"," it sounds like they have a very long history together.  other than the recent fighting, you haven't written about any concerning traits.  old couples can bicker.  my parents are horrible, and if i didn't know them, it would sound concerning.  but i've come to realize that it's how they communicate, and it all blows over in like five minutes.  my dad, we suspect, has dementia.  mom at first was reluctant to work around that, and still expected basic things from him (which is probably good for him), but they've settled in to their routine, and she's taking care of him.you've not given any information to suggest why your mother's man would kick her out, or that he wouldn't be accommodating and supportive with her forgetfulness.  have you had a conversation with him to see what he's thinking?  how can you help him help her?i'm sorry if i 'm missing something.  you're good to look out for your mother and to be concerned.",https://www.reddit.com/r/dementia/comments/v82qb4/concern_for_my_grandmas_living_situation/,Concern for my Grandma's living situation,1,,
"update monday morning 06jun2022: i had another ‚Äúevent‚Äù this morning and now sunrise orange flavor is also distorted and yucky -- i taste something, but it certainly is not good. however, have discovered ""black cherry herbal tea"" still tastes good. funny that in each of these cases, the actual fresh fruit taste was distorted before the pretend flavor for that fruit. i wonder if that is consistent among folks who lose taste sensation ?????slept 6 extra hours during the day on monday, and now taking it easy this week. not gonna try to read and comment in groups this week, but thought i would drop this off anyway. hugs to all.\&gt;&gt; [ .",,https://www.reddit.com/r/dementia/comments/v7zjg0/another_event_on_monday_with_results/,"Another ""event"" on Monday ... with results",1,,
"my mom is hiding things, losing them, and is insistent that it was stolen. any good phrases to redirect her, validate her, make her feel better when she comes to me like this? i just don‚Äôt know what to say anymore, i keep trying to resort to logic and it obviously does not help :/","my mom would get riled up about stolen things, too.  before she went into memory care she lived in semi-assisted living and one day she went ballistic, certain that the cleaning lady who came 2x a month stole her 30 year old pinking shears.  because pinking shears are very expensive, you know!  i tried to tell her that nobody would steal them and how would they, anyway? she said, they...they could hide them in the vacuum cleaner bag!i said, let me help you look for them, just in case.  when they turned up she didn't say anything.  i didn't correct her or shame her.  i would say, ""i misplace stuff all the time myself! doggone it, it sure is frustrating isn't it?  would you like me to do a look through the drawers?  a second pair of eyes sometimes catches stuff.  aren't you glad i'm here?""",https://www.reddit.com/r/dementia/comments/v7xv5h/good_one_liners_for_mom_who_is_convinced_someone/,Good one liners for mom who is convinced someone has stolen all her money?,1,,
"tldr: *how do you grieve and remember someone you've loved for decades... when you dont have a memory?*ive been caretaker for my grandparents for several years now. we lost my grandpa a few months ago, and my grandma's dementia has been a slow burn for many years. losing her partner of nearly 70 years was traumatic though, and has exacerbated her memory care needs. we are both struggling with grief- they are like actual parents to me moreso than grandparentsm. all the ""experts"" say the best way to keep a loved one alive is to remember them often, tell stories, etc. and that it takes an unknown amount of time to heal from grief. it's been about 6 months and i still feel raw from it, i can't imagine how hard this is for her. (i really really can't, any insights are welcome).time fluctuates for her. sometimes it's as if the funeral just happened, sometimes it feels like months or years ago. she has no memory of the funeral or if she went, or if she was there when he died (she was for both). she's had 2-3 sudden extreme unexplained dizzy spells, but i suspect she forgot where she was or that he was gone, and then ""awoke"" to this reality and was overwhelmed and panicked. (staff in her a.l. memory unit took all vitals, we've been to the dr and ran every test we could think of to rule out stroke seizure heart problems etc..). she appears to be in perfect health.  how can i help her grieve in a healthy way when she has no consistent predictable memory? i try to bring up happy stories when her mood is up and shes already thinking of him, but the dementia is causing grief bombs that are so hard on her it just breaks my heart.  does anyone have any experience or advice?"," i knew a woman with a similar issue. she would forget her mother died, then remember, then say that she didn't go to the funeral, they must have been hiding it from her, etc.her family said she did go to the funeral. so i would tell her yes, you were at the funeral and you helped plan it. but it was such a painful time for you that maybe your brain is trying to help you by blocking it out because it hurt so badly to lose her. you loved her so much, she was a wonderful woman, wasn't she? she grew up in wherever, right? everyone loved her cooking. and at that point the woman would be calm enough to go into reminisces of her mother. she was still very sad, but she accepted the idea that she blocked it out because she loved her so much (rather than she forgot because it didn't matter).sometimes we'd spend ten minutes on that one concept. your brain is trying to protect you out of love because you cared for her so much. all those words, love, protect, care, matter, meaningful, over and over.",https://www.reddit.com/r/dementia/comments/v7wm2o/grieving_death_while_living_with_dementia/,Grieving Death While Living with Dementia,1,,
and they want us to pay the 1700 for her first month ? no one ever told us we would have to pay the first month. leaves me incredibly broke. is this normal ?, talk to the nursing home about moving her in as a ‚Äúmedicaid pending‚Äù patient. some more ideas: ,https://www.reddit.com/r/dementia/comments/v7vc40/gram_was_placed_with_medicaid_in_new_york_state/,Gram was placed with Medicaid in New York State.,1,,
"last year i noticed some things with my mother that was off with her.  by october, there was a list of things that wasn't quite right. eg:- she ignored a request from her lawyer- there was some social anxiety about a family funeral- she lost her balance at the funeral and fell over- there were episodes of intense anger over very little since 2020- there was some silence from her like a mutism.  no conversation at times- easily bored- she left her bank card behind in the shop. i thought nothing of these stand alone incidents until one day it clicked with me and i began to wonder if she's losing her mind and if she's going senile and perhaps a dementia setting in.then there were other things like invading other family members privacy with eavesdropping and snooping. there was a lack of comprehension on public health matters and at home she would cough and sneeze without covering and containing potential germs.  i remember last summer we were having a meal out after the funeral and she needed to cough.. she turned her head inwards to where i was sitting and coughed into my direction over me and my meal.  then in april of this year, i found some of my underwear amongst her laundry. she never washes my clothes so it looked like she took my underwear as hers. there was an episode from her where it demonstrates poor planning and organising.  we have amily abroad who wanted to come home on holidays and the panic she showed was intense to the degree there was self combustion in anger and rage.  there was definitely some sort of a showtime with her too because she can hide that anger and rage when it suits her and only has it for me, her daughter. i noticed over the past number of weeks that she has been neglecting her health. she has a sore back and sometimes she has some headaches.  she won't go to the doctor about this. she's been eligible for a booster for a number of weeks and she has neglected this too. at this stage i am genuinely concerned about her especially now because she is neglecting her health.  she's not open for me into talking with her. it will lead to an explosion of anger and rage from her and accusations that i am trying to boss her around and i am not trying to boss her around.  when she gets angry she's nasty.  if she was to go to the doctor, she won't be listing these behaviours out to her gp because she's probably unaware of them. chatting with her is out of the question. i am a member of the same practice she goes to.   i am thinking about writing a letter and making an appointment for myself (i have some things to do at the gp myself) and discussing this in person with a doctor and giving them a letter. i am hoping they will invite her in for a baseline of work.", i like your idea of writing a letter to the doctor. i‚Äôd ask the doctor to invite her in for an exam because she hit some benchmark age and they went rindo preventative checkups,https://www.reddit.com/r/dementia/comments/v7ribq/how_do_you_get_an_aging_parent_to_the_doctorgp/,How do you get an aging parent to the doctor/GP,1,,
"good morning everyone! we hope you all are doing well and that your week is going smoothly! we are still looking for participants for our study on dementia caregivers! if you would like to share your experiences as a caregiver we'd love to hear from you! we are with the school of nursing at the university of alabama at birmingham, and our goal is to learn more about the daily experiences and stressors of dementia caregivers! this study is done entirely online, and we also compensate you for your participation. if you're interested, please see the post below...do you provide care to a family member with [#dementia]( we invite you to participate and share your day-to-day experiences with us. this study seeks to enroll family [#caregivers]( to complete daily diaries for a [#research]( study. we will pay you for your time. your answers remain anonymous and your experiences can be valuable for us to provide better care for care receivers.if you're interested in participating, please click this link to see if you are eligible: [www.caregivingresearch.org/daily-reflections](for more information about who we are, visit our website at: [",,https://www.reddit.com/r/dementia/comments/v7r85q/dementia_caregivers_research_study_fully_online/,Dementia Caregivers Research Study: Fully Online,1,,
"hello, so i‚Äôve lived with my mother in law for around a year now, we are very close. when i moved in her father was showing early signs of dementia, but over the year has quickly declined to needing a care home now which he is moving into next week. i use to be a dementia care worker so i know the ins and outs well. she just seems very unable to process her father‚Äôs dementia which i understand can be hard, but she is often set on ‚Äòwhen he gets better‚Äô ‚Äòwhen he improves‚Äô and well i know almost for sure that sadly he won‚Äôt be getting any better. the issue is i can see it affecting his care in the future, she is reluctantly putting him in the care home due to his at home carers saying it is now a necessity (he is getting up in the early hours wandering the streets, leaving the oven on etc). she is claiming he will be back home soon, and is only currently planning to pay for a short stay at the care home. i feel as if i‚Äôm intruding when i try and speak to her about him, but for his sake she really needs to change her mindset on the situation and i‚Äôm not too sure how i can help her come to terms, any ideas?"," have you suggested that she subscribe to this reddit thread?  reading everyone else's situations could help her process what she's experiencing, whether she wants to believe it or not.",https://www.reddit.com/r/dementia/comments/v7prnk/how_do_i_help_my_mother_in_law_come_to_terms_with/,How do I help my mother in law come to terms with her father‚Äôs dementia?,1,,
"i am dealing with a very difficult situation. my grandfather hasn‚Äôt received a diagnosis because he is being exploited by someone outside the family. i am no longer allowed in his house because i‚Äôve been accused of trying to hurt him after i began to raise the alarm to his doctor, the bank and aps.some days it‚Äôs been borderline, he will say things that are inappropriate about other people. he uses the word letter instead of email‚Ä¶but yesterday it was full blown dementia. he couldn‚Äôt use the keyboard anymore. even with full on instruction, he wasn‚Äôt able to log-in to pay his bills. it took him 2 hours to do something that should have taken 5-10 minutes max online.and yet his doctor still hasn‚Äôt ordered any brain imaging! she even heard him on the phone yesterday. meanwhile, this ‚Äúfriend‚Äù keeps telling people it‚Äôs his hearing, his glasses, sleep, medication‚Ä¶but i know she‚Äôs just trying to keep taking advantage of him for as long as possible.until this past month my husband thought i was making things up/exaggerating‚Ä¶my sister still dismisses things that i bring up.it has been terribly painful. i‚Äôve been accused of poisoning my grandfather, trying to steal his money, of being on drugs‚Ä¶.all by people trying to take advantage of this situation.i know not everyone who is in denial is trying to take advantage of him but what blows my mind is that his doctor still hasn‚Äôt ordered any cognitive assessments!!!"," first, sorry that you're dealing with this.second, i'm going to differ a little by suggesting you not go in guns blazing with righteous fury, calling adult protective services or whatever.  (although maybe it's too late for this.)your goal is to get them to take your grandfather to his primary care physician for a standard test of his mental faculties -- e.g. repeat three words (e.g. apple, pen, cat) after five minutes of discussion, drawing a clock with hands on it for a certain time, etc.third... i'm going to answer the question you asked in your title, even though i think you've already made up your mind.why does dementia denial exist?* sometimes it really is only because a caretaker is exploiting them.  yes, this happens, and it's awful.* sometimes people just can't face that their loved one/friend is deteriorating, both because they are ""in denial"" about losing the person and, maybe, because it reminds them of their own mortality and the fact that most of us will suffer from dementia if we live that long.* sometimes people don't like facing hard truths, the same way people people wait too long to see the doctor for a treatable illness or deny that a family member has fallen off the wagon.* sometimes people are too close to the situation.  what's the saying, you can boil a frog alive by just turning up the heat a little bit and a little bit and the frog doesn't notice till it's too late.  someone living with dementia might just be telling themselves that the person is slowing down, and adjust to them without really realizing it.* sometimes, conversely, people are too far away.  people with dementia can sometimes fake clarity for a little while in a situation that they're comfortable with, fooling people who don't see them every day.and outsiders (doctors, police etc) are in a difficult position when someone who is not the caretaker says the person is being taken advantage of, if it's not obvious, flagrant abuse.so... this is a long way of answering your question... you can go in guns blazing, or you can try to get them to take him to his doctor for a real assessment and maybe get some medication that can help slow down his deterioration.  good luck.",https://www.reddit.com/r/dementia/comments/v7oc94/why_does_dementia_denial_exist/,Why does dementia denial exist?,1,,
"dad (95) and mom (90) will be married 70 years this october.  mom was diagnosed with dementia about 5 years ago.  dad has always been almost slavishly devoted to her, and mom has always been more aloof but we don't doubt they love each other.  my sister and her husband moved into my parent's home about 4 years ago to keep an eye on them.dad's health took a turn for the worse last month.  he spent about 2 weeks in the hospital. we started to doubt he would make it but thankfully he did.  the problem is mom convinced herself that dad was not around because he was cheating on her with 2 other women.  she was angry and wanted to talk to a lawyer to begin the divorce.  we took her to the hospital to visit and she calmed down, but was angry at us for not telling her he was in the hospital.  no one had hidden this from her, but she didn't remember anyone telling her about it.  meanwhile, dad kept repeating that he just wanted to go home and be with his wife.we hired a woman to take them out twice a week and also to take them to any doctor's appointments that a family member can't get them to.  dad had a follow up visit yesterday, so the woman took my parents.  mom again started up with her insistence that dad is having an affair but now it's with 3 women,  she was very angry and shoved him at the hospital.  my sister has said mom has gotten more abusive but this is the first time she was physical with my dad.my sisters want to put my mom in a home.  i'm the only person against this idea.  they did not do well when they were apart for 2 weeks, and i'm convinced we'll lose both of them.  my sisters counter that dad can visit her often, but i'm insistent that it's not our decision to make.  dad needs to be the one to agree with it or we can't do it.  my sisters think i'm being unreasonable.  they say we have to decide for them. mom is mentally impaired,  this is a fact.  no one ever tested dad's mental wellbeing, and as long as he's not legally impaired then i feel we have to be respectful of his wishes.  i think he's going to resent us if we split them up.this whole situation sucks."," i agree the situation sucks, but most states if the person was abusive would okay them for memory care through their system. (sorry i can‚Äôt remember the name for medicare like insurance, but for people without funds.)  that may not be your case, funds wise, but it will give you an indication of when it‚Äôs appropriate to make the move for your mom. it might ease your mom‚Äôs mental state not to be constantly reminded of her ‚Äúcheating husband.‚Äù  also, he is at risk for injury and possible serious injury if he were to fall due to a push by your mom, not to mention the mental/physiological toll it takes on your dad. i‚Äôd suggest being open minded about it, and look at your true reasons for your response. not the facts so much as your inner deep feelings about it. this is not easy for us to see this happen to our parent(s). also, find out who has the legal authority.  your folks trusted that person to make the right decision for them. good luck to you and your family.",https://www.reddit.com/r/dementia/comments/v78eu7/talk_about_separating_our_parents_im_the_lone/,Talk about separating our parents. I'm the lone hold out.,1,,
latest movie extras! from the upcoming dementia family caregivers documentary: [**sandwich generation caregivers**](dementia  is challenging for every caregiver - for the sandwich generation like  matt and lindsay it's an extra layer; raising young children while  helping your parents to the end of their lives.,,https://www.reddit.com/r/dementia/comments/v73wxc/sandwich_general_caregivers/,Sandwich General Caregivers,0,,
"i'm currently in the process of designing an automated pill dispenser for a school project and was wondering if anybody would be willing to be interviewed by me about their experience using an automated pill dispenser for someone with dementia. the interview will take around 15-20 mins and will be held over google meet. as a gesture of my appreciation, i will be offering a $15 amazon gift card to anyone that attends the interview. thanks!", my mom uses the spencer automated pill dispenser. i‚Äôd be happy to participate.,https://www.reddit.com/r/dementia/comments/v6zl73/does_anyone_have_experience_with_automated_pill/,Does anyone have experience with automated pill dispensers?,1,,